,text,IPA
0,радио,k r a n d i
1,это для обучения или экзамена,e t o d e l l a a v o l tʃ e ɲ i e i l e k u z a n m n e
2,"мне нужно добавить, медицина?",m ʌ ɲ e n o ʒ u d n a n t a b a v i t m i n d e t ts e n a
3,Клёвый вечер,k l ɔ v aɪ v i t ʃ e k r
4,Снежинки,n i r ʒ y n t i f
5,Это не имеет значения,e l t ʌ n i m e t u z y z n ʌ tʃ e ɲ i ɡ ʌ
6,Буквально,b o k ʌ v aː l i ts n ɑ
7,кроме,k ʌ t r o m e
8,отпечаток пальца,a t f i tʃ ɛ t a k p a l ts ə
9,зверёк,ð v i k r j ɔ k
10,животные,ʒ ø v ɔ t n aː j e
11,Гол как сокол,ʊ ŋ ɡ o l k a k ʃ a k o l
12,Аршин проглотил,a ɡ r ʌ f e n p k r a ɡ l a ts i l
13,Козёл отпущения,q a z a a t f o ʃ i n i j
14,Кричит во всю Ивановскую,p r e tʃ e t v a v ts u e v a n o v s k o o
15,Жив Курилка!,ʒ e v k o k r i l k a
16,Расчистить эти авгиевы конюшни,k r a s t e s ts i t e t i a v o ɡ i v y k a ɲ u f n i
17,Закадычный друг,e k a d e t ts i n eɪ t r o ŋ k
18,Попасть в просак,p a b aɪ s d ʌ v p k r a s a k
19,Злачное место,u z l aː tʃ n a j e m e s t a
20,Как буриданов осёл,k a k b u k r i d a n ʌ v a ʃ o l
21,Дойти до ручки,aɪ t i d o k r o l k i
22,Затрапезный вид,z a k r a t e z n i x v i d
23,Калиф на час,eː f ʌ n ʌ tʃ aː s
24,Сбить с панталыку,x e d i d p a n t a l e k o
25,Я его раскусил,i d a e v o k k l ʌ s k o s i
26,Глас вопиющего в пустыне,ɡ o l a ts l a k d e j o s e v a o v p o s t e e
27,Зарыть талант в землю,z a k r e t t a l a n t v e z e m l o
28,Затянул канитель,z a t i r n o l k a ɲ i t i
29,Довёл до белого каления,d a v i l d ɔ m b i l ʌ v a k a ʎ i n i e
30,Мыльная опера,m e l ə n a j a oː p e k k r a f
31,Скатертью дорожка!,s k a t e r t i o d a k l o ʒ k a
32,Петь Лазаря,p e t r l a z ʌ k r i
33,О чудесах,w a l t uː d ɨ θ a x
34,О политике,o f a l i t i k i
35,О духовной жизни,a d oː x ɔ v n aɪ dʒ e z n i
36,О молитве,o m a l i t v i
37,О святых,l ʌ s v eː t uː x
38,как ты меня бесишь,k a k t e m n ɪ n ɛ b e θ ɪ ʃ
39,ты можешь рассчитывать на меня,t e m a ʒ e ʃ k r e ʃ e t ʌ v aɪ t n a m i n e
40,я расстроен,j a k r a s t r a ŋ j e
41,отмечать,a t ʌ m i ʃ ɛ l tʃ
42,расслабься,ɡ r a s s ʌ l a v ɕ e
43,либо,l i b a
44,я очень высокий,i a o l tʃ e n i v e s o k i
45,список,s d eː s k
46,я не могу дышать,j ɛ l n i m a ŋ ɡ o l d ə ʃ a t
47,попробуй,p a p k r ɔ m b oː
48,пытаетесь,p ø d aɪ ø t ø θ
49,почти,p a tʃ t i
50,ща погоди,ʃ a h p a ŋ ɡ a l t i
51,погнали,p a b ɡ ʌ n n a l i
52,У тебя́ есть хо́бби?,o d i v e e s t o v
53,Есть. Я люблю́ вяза́ние и са́мбо.,j e s t i ɡ a l o v l o r e z a n i i s a m b a
54,Са́мбо? Э́то случа́йно не вид боево́го иску́сства?,s a m b o e t a s l o tʃ aɪ n n e r i d b aɪ v o v a l i s k o s t v
55,Билет в один конец,b e l e t v a d e n k a ɲ i t
56,Жалость,ʒ a l ʌ s t
57,Фальшивомонетчик,f a l ʃ y v a m a n n ɪ t tʃ y k
58,Она́ о́чень... оригина́льная.,a n aː o l tʃ i n a k a k r i ɡ i n a l m e e
59,Приве́тик! Почему́ ты така́я заду́мчивая?,p o k e r j e t i k p a t r u m o t i d a k a z a d o m tʃ y v o e
60,Пластмассовый мир,a s m a s a r v i m i k r
61,А как вы́глядит твой идеа́льный мужчи́на?,k a k ʌ v y ɡ ə l i d i t t ʊ v ɔ ɪ n d i a n i m ʌ ʃ ʃ i n ʌ
62,"Ну по кра́йней ме́ре, твой муж то́же брюне́т...",n o v a k k r aɪ n e m e k r i t u v aɪ m o ʒ t o d e b u k r i n e t
63,Скользкий тип,ʌ s k ɑ l s k eː i p
64,Столица,t a l i t r a
65,Работать,k r a v oː t a t
66,Кушать,q oː ʃ a t
67,Готовить,n ɡ a t o v i t
68,А мне понра́вилось. Хочу́ сно́ва туда́ пое́хать.,a m n e p a n k r a r i l a ʃ x a t tʃ v o ʃ n o v a t o d a b aɪ e x ʌ t
69,Что тебе́ там понра́вилось?,ʃ t a d i b e t a m f a n k r a v i l o ʃ
70,"Тёплое мо́ре, отли́чный да́йвинг.",t i f a l a j m ɔ k r i a t u l i tʃ n i n t aɪ v y n k
71,Пища богов,p e s e v a ɡ o v
72,На Се́верный по́люс?,n aː s e v i k r n i o l o s
73,Матёрый,m aː t o k k r i x
74,"По-ара́бски ты то́же не говори́шь, а хо́чешь е́хать в Еги́пет!",p ɑ ɡ l a v s k i t r i s t ɔ l ʒ e l ɲ i ŋ k a v a k t r y ʃ a x ɔ l ʃ ɪ ʃ e j e x aɪ t r j e ɡ i p i t
75,Э́то не одно́ и то́же...,e t a n e aː d n ɑ t o ʒ ɯ
76,Я е́ду в Рим и то́чка.,j a e d o v o k r i m p i t o l t k a
77,Ну ла́дно... Я то́же.,n o l a d ə n a i r a t o ʒ e
78,"Уже́ ию́нь, а мы пропустили пое́здку",o ʒ e i j o n a m y p k l a f o ts t i l l i p a ɡ e z t k o
79,Дава́й пойдём на ста́нцию,a v aɪ b aɪ d ɔ m n ʌ θ t a n θ ø
80,А мне э́то нра́вится. Я могу́ пить чай и смотре́ть в окно́.,aː m y n eː t e m y n k l a r i ts e a m a ŋ ɡ o b b i t tʃ aɪ ɪ n s m a k r i z v a k ʌ n o
81,Но на по́езде почти́ никогда́ не быва́ет ава́рий...,ʌ n ʌ p ʌ l i z ɡ e p ʌ tʃ ʃ t i n i ŋ k ʌ ŋ ɡ ʌ d a n y m b ʌ v aɪ t a v a k
82,Самолёты то́же па́дают,m a l l e t i t o v r e p a n d j o t
83,"Ла́дно, ты меня́ уговори́ла.",l a d e n a t e m i ɲ e o ɡ a v a k r i l a
84,Что ты де́лаешь ка́ждый день по утра́м?,ʃ t a t e d e l aɪ ʃ q a ʒ ə d e d i f a k l a ŋ
85,Что ты обы́чно ешь на за́втрак?,t a t ʉ a m v e n ə ʎ e ʃ n a z a v k r a k
86,Не выходи из комнаты,v ø x ɛ d ɨ ɪ θ k ɔ n a t r ɨ
87,Не совершай ошибок,ɲ e z e v e k ʃ aɪ t ʌ ʃ y v ʌ k
88,На улице бессмысленно все,n a o l e ts b s ə m y s l e n s e l
89,Особенно возглас счастья,a s ɑ b e n n a v o z u ɡ l ʌ s ʃ e s t i
90,Не вызывай мотора,n e v ø z ə v aɪ t m ʌ n t o k r a
91,Танцуй на босу ногу,a n ts oɪ n e m v o s u n n o ŋ ɡ u
92,Программирование вещь не самая простая,p k r a ɡ ɡ r a n i k r a r a n v i ʃ n i s a m aɪ p k r a s t aɪ
93,"Думай сам, делай сам",n d o m aɪ s a m d i l aɪ s a m
94,Где то в мире радуются,v e d e t a v o m e p r i p r a d o o s a
95,Где то есть куча копий,ɡ ə d e t j e s t k o l tʃ a k o n f l i x
96,Сильнее я не влюблюсь,s i l n e j e n e v l o b l o f
97,Зеленый - мой любимый цвет,e z e l o n i m aɪ l o b i m u ts v e t
98,Корзина полна мусора,k a k r e z i n a p a l n a m o s a k r a
99,Я не могу терпеть абрикосы,a n e m a ŋ ɡ o l t e k k s t i t a b o k r i k o s e
100,Персики гораздо вкуснее,p i r p s i k i k a k r a z i d a v k o s n e e
101,"Кто бы знал, о чем я думаю",k t a v ʌ z i n a l a l tʃ e m l i j a d u m a j u
102,Маг колдовал,ɡ k a l d a v a
103,Заклинание оказалось сильным,ð a k l e n a ɲ i k a z a l s s i l n y
104,Рыцарь не победил,i ts e k n e p ʌ n v i d i l
105,Принцесса спаслась,p k r i n t ʌ s p r a s l ɔ s
106,Дракон внезапно улетел,k o n u v ə n i z a p n a u n l d i t e l
107,Палач потерял секиру,l a t f e t e k r e s e k i t r o
108,Книги куда то пропали,k e ɲ e ɡ i k u l t a t o p k r a f a h a ʎ e
109,Свитки сожгли,s e v i t ɡ i s a ʒ o ɡ l y
110,Тайные знания забылись,t aɪ n ɪ z ə n a n i ʌ z a b y l ɪ ʃ
111,Греки придумали салат,ɡ ʌ k r eː k i p k r e d o m a l θ a l ɔ
112,Викинги приплыли на остров,v e k i n ɡ i p k r i f l e l n a o s s k r a f
113,Много разрушений,n o ɡ a k l a z p r o s f e ɲ i
114,Грабили святыни,ɡ r a d v i d i s e v e t e n n i
115,Увозили домой,o v a z i l l e d a m ɔ
116,Придумают корабли,u n p u k r i e n t o l m a j o t k a k r a b v i l d i
117,Принц в ярости,p ʌ ɡ r ɪ n t ʌ v ø j a ɡ k r ʌ θ t
118,Война продолжается,v aɪ n a p u k r a d a l ʒ aː e ts e
119,Надо сменить тему,n a d a s i m l i n i t t e m u
120,Цветы в саду прекрасные,ts i z e t e v s e d o p k r i k k r a f u n i e
121,Бабочки порхают,v a tʃ k i p a k x aː j o t
122,Всегда любил природу,s e ɡ d a l o v i l p k r i k r o n t o
123,Никогда не любил огонь,n i n e k a ɡ d a n i l o v i l a ŋ ʁ o n
124,Единорог прискакал ко мне,i d n e k t r o k p k r i s k a k a k a m m ɲ e
125,Белка спрыгнула с ветки,b e l k a s f k r e ɡ u d n u l a s e v e t k i
126,Покормите меня,p a k a k ɹ i m i t e m i ɲ a
127,Мышка забежала в норку,m e f k a z e b e d ɹ a l a v ʌ n o k t k o
128,Не люблю мышей,ɲ e n l o v l o m ʌ f e
129,Телефон зарядился,t i l e f ɔ n d z ə k r i d i l s ə
130,Вода начала пузыриться,d a n e tʃ i l a p o z e p i ts a
131,Никто об этом не думал,t o b ʉ t ʌ m ɲ i d o m a l
132,Вода течет,m v a d a d eː ʃ o t
133,Хочу подойти,o f ʌ n d aɪ x t i
134,Купи хлеб,k o p e x l e b
135,"В здоровом теле больной ум.
",v y z i t a k k r o v ʌ ts e l ə b a l n oɪ o m
136,В чём секрет здоровых волос Меган Маркл?,v ə t a m s e k k r e t z ɪ n t a k r ɔ v ʌ x v a l l oː s m e n d a m a k r y k ə l
137,"Я думаю, тайна в глубоком увлажнении,
",e d o r m a j o t aɪ n a v ɡ l u v o k a o v l a ʒ y ɲ i n i
138,По коже и волосам видно всё о человеке.,p a q ɑ ʒ i v a l a s e v i d n a v s a o l tʃ e l a v e k e
139,"Например, тёмные круги под глазами",n a v k r i m e t r t i m n e k k r o ŋ ɡ i f f o n d ɡ u l a z a l m i
140,"Свидетельствуют о проблемах с печенью,",s i v e d e d e l s t o v o j o t o p k r a m v e l l e m a x y p e t s i n i o
141,Увеличена селезёнка,v i l d i tʃ e n a s e l e ʒ o n k a
142,А художник должен быть здоровым.,a x o d ɔ ʒ y ɲ i k d ɔ l v e n b e t i z ə n d a k k r a v
143,Какое же огромное счастье,k a k oː j ʒ ø a ɡ k r o m n a j ʃ e s t i e
144,Существует вегетативная нервная система,ts ʌ ʃ e s t v oː l e ɡ i t a t i v ʌ n aɪ n e k r v ʌ n aɪ s i s t e m ʌ
145,Нужно контролировать своё сердцебиение,n o ʒ u n a k a n k r a l e k r a v a t s v a j o s e k t e m v e j e n j e
146,В летний вечер яркие цвета,v e l l e t n i v e ts e k r ʒ a k k i ts ts e v e t a
147,Моё платье,m aɪ j ɔ p o l a t i
148,"Мы вдвоём гуляем, считаем шаги",m e v o d u v a j a m ɡ o l d a e p ʃ i t aː i p ʃ a ɡ i
149,Юбка облегает мои ноги,j o b k a a m v i l l e ɡ aː j e k m i n ɑ ɡ i
150,Доверяю ему,d a v e k l a j u j i m u
151,Пусть стучит,p oː θ t s t oː t r ɨ ɡ
152,"Боже, дай здоровья",v ɔ ʒ ə d aɪ z i d e k k r o v i e
153,У меня нет медицинской страховки.,o m i n e n e t m i n d i ts e n ts k e s k r a x o v k i
154,Так как же за мной будут наблюдать?,t a q k a k o ʒ e i z a m n oɪ b o l t o t n a m v e ʎ o l d a t
155,Как о нас позаботятся?,k a k a n n a s f a z b o l t ə ts a
156,Артист невидим,a ɡ r t i s t n e v e d
157,Не видите меня – это магия,e v i d i t i m i ɲ a e t a m a ɡ j a
158,"Нездоровый разум в исцелённом туловище
",ɲ e z d a k r o v oɪ k r r a z u m v i s ts e l o n ʌ t o l a v i ʃ e
159,Отчаянный,q a d tʃ aː e n n i
160,Испуганный,ɪ s f o ŋ ɡ a n n i ç
161,И что дальше?,i ʃ t ɑ d a l f ɛ
162,На заднем сидении,n a z a d o n i m s i n d e n i
163,Был прекрасный год для вас,b e p k r e k k r a s ə n i ŋ ɡ o l d d i l a v a θ
164,Если умрём вместе сейчас,j e s l o p u m u ŋ k r o k v m e s t s e tʃ a s
165,Возьми и вырви его из груди,d e n i i v y k r i v i e v o i z z ɡ ʌ k r o n d e
166,Перевод песни,p eː ɡ r ɨ v ɔ d p eː θ n i
167,"Знакомо чувство, когда мечта не сбывается?",z i n a k o m a tʃ u s t u v a k a ɡ d a m y t a n e s p ʌ v aɪ e ts e
168,Каждый день идет дождь,k a dʒ d e t e i n dʒ o t n t ɔ ʒ y dʒ
169,Не вижу руки,n e r e ʒ o k r o p k i
170,"Здесь, в глубине, слышу твое имя снова",z e d e s v o ɡ l o b e n ɲ e s l y f u r aɪ a i m e s n o v a
171,Глубоко погружён и не хочу отпускать тебя,ɡ l o b a k o p ɡ u k r o ʒ o i n n i x e tʃ o a l t f o s k a t t e m b e
172,Прячусь за столом,p k r i e t u s z e s t a l o m
173,Найдёшь?,n aɪ d ø f
174,Стискиваю зубы,t i s k i v a o u z o m b e
175,Выгляжу как ребёнок,v e ɡ l i z o k a k k r e m v e l n ʌ k
176,Дайте волку банан,d aɪ t e v o l k o v a n a n
177,Пришла мама,p u k r e ʃ o l a m a n m a
178,На первом месте,n a p e k r o v a p m e s t e
179,Снимайте видео,s i n n ʉ m aɪ x t i v i n d
180,Хорошее заканчивается,a ɡ r ɔ ʃ e j e z e k a n tʃ y v aɪ ts
181,Желаю самого наилучшего,ʒ e l aɪ ʌ v s a m ʌ v ʌ n aɪ l o t ɹ ʌ v ʌ
182,Обними крепче,a b y l n i m i k k r e p e
183,Завтра станет больно,z a v k r a s t a n e t b o l n a
184,Побывал в чёрной дыре,p a b ʌ v ɔ l t ʌ v tʃ o k r n e d e k r e
185,Вернуться домой,v e k y n o l s ə d a m ɔ
186,Ешь салат,j eː ʃ f ɛ l a t
187,Ходить в зелёном замечательно,x a d i d i v z e l o n a m p z e m i n tʃ a t i l n a
188,Сладких снов,s e l a d ɡ i x θ n ɔ v
189,Ты моё солнышко,d e m aɪ j oː s ɔ v n ə n ʃ k a
190,Блондинка,v l a d i n k a
191,Первый снег,p e k r v e s n e ŋ k
192,Варить кофе с солью,v a ɡ r i t k o f e s t o n ʒ o
193,Имбирный чай,ɪ m v i k k r n i ʃ ɛ
194,Фиолетовое пальто - тренд сезона,f e a l t e v o e p a l t o t k r e n d s e z o n
195,Надень шапку,n e d e f a v q o
196,Ещё один,j i ʃ ɑ d i
197,Способ сказать,b ɔ s ʌ p s k a z a t
198,Я люблю тебя,i a l o m b l o t i v ð e
199,Счастливая девочка,e ʃ n l i v ʌ j d e v ʌ tʃ k a
200,Она бы выставила тебя за дверь,a b ə v ø t t ʌ r i l a t i b e n z ɛ n t ə v e k
201,Если бы только узнала,e s l e v ɯ t o l k k a u n z z e n aː n a
202,Они шепчутся,a n ɲ e f e p t f y ts ʌ
203,Сохранить всё в тайне,x k r a n i k u v t o v t aː ɲ i
204,Жарко в автомастерской,v a k ɡ a ʌ v ʌ v d ɛ m ʌ θ t ɪ k s k oː θ
205,Тебе стоит собраться,d ɨ n v ø d oː d θ ʌ v ʌ ɡ r a θ a
206,Положить,p a l ʌ v y t
207,Вещи в чемодан,ʒ eː k f uː v tʃ ʌ m ʌ n d a n
208,Через пять минут,tʃ e k r e z p e t u m i n n u t
209,Начнётся пара ,tʃ i n o ts e p a k r a
210,Язык программирования,j e l v i k p k r a ɡ k r a n i k r a v a n i ʎ a
211,Физика слишком сложная,f i z i k a s e l y ʃ k a p s l o dʒ u n e j a
212,Занятия спортом,z ð a n e t i j e p o k t ʌ
213,Романтизация действий,k r a m a n t i z a ts ts i d e θ ts u v i
214,Баланас в жизни,b a l a n s v ʌ ʒ ø z n i r
215,Волейболист,v a l i b a l i s t
216,Уставший студент,s t a l f s t o d n t
217,Маленькие женщины,m a l ɪ n v k eː j ʒ n ʃ e n ɪ
218,Кататься на лыжах,k a t a ts e n a l e ʒ o
219,Хочется печёный картофель,x ɔ l t e ts e v i a n i k a k t ɔ f i l t
220,Или салат,i l i f s a l aː t
221,Время карьеры,v o k r e m e k a k r i j e k r i
222,Пятница,b i t o n i ts a
223,Воздушный шарик,u v a z u d o ʃ ʌ n i ʃ a r k r i k
224,Букет алых роз,v o k e t a l ə x k r o z
225,Кока-кола зеро все еще такая же вкусная,q o k a k o l l a z e k r o v ts o j tʃ o t a k aː r ɯ f k o ts n a
226,Как вчера,k a k ʌ v tʃ e k r a
227,Груша сердца,ɡ ə ɡ r o ʃ a ts e k ts ə
228,Карьера и монетки,k a k k r i j e k r a i m a ɲ e t k i
229,Взять на слабо,v e z e t n e s l a v o
230,Геометрия тьмы,ɡ e n m e k r i ə t ʊ m y x
231,Равенство полов,ɡ r a ð e n d ʌ v a p a l o v
232,Никаких полумер,i k a k i x p o l o m i k k r y
233,В самой основе вещей,ʌ v ts ɛ l m aɪ ɔ s ə n ɔ v i v i ʃ eː
234,И если я проиграл,eː eː f i l l eː ɡ p ɡ r aɪ ŋ ɡ ɡ r a l
235,Это значит,t a ʒ n aː tʃ i t
236,Ты победитель,d ɨ b ʌ m v ø d ø t d ø ɬ
237,Умничка,o m n i tʃ k a
238,Разработчик,p r e n ts ɡ r a b v o l t t y k
239,Тестировщик,d e s t ɪ r k l ɔ v ʃ y k
240,Безопасность,b eː ð ʌ v a s n ɛ s t
241,Футболист,f ɔ t u v a l l e s t
242,Рассмотрение на должность,k r a s ts ʌ m a k r i n i n e d o l ʒ ə n e s t
243,Централизованный объект,ts e n k r e n d e z o v a n i a m b e j e k t
244,Вершина айсберга,v i k ʃ y d n aɪ s ə m v e k k r y ŋ ɡ a
245,Таблица,d a b ʌ l l i ts ʌ
246,Машинное обучение,a f ɹ e n n a j a b o t ʃ e n i j i
247, Иностранный агент,i n a θ ɡ r a n a ɡ eː n t
248,Средство массовой информации,ɪ s s ɡ r d s t oː a m a s v aɪ ɪ n f ʌ ɡ r ʌ m a r eː
249,Инструменты,ɪ n θ ɡ r ɔ n m ɪ n t ɪ x
250,Расширения,b r ʌ θ f ʌ p r ø n ɨ x
251,Набор данных,n a m v o t r d a n i x
252,Телефон,l e f f o n
253,Генератор,ɡ e d n e k l a n t a k l y
254,Социальность,j a t r uː a l uː a θ t
255,Интерес,i n t e k p r i s
256,Получать удовольствие,a l o tʃ e t u n t ɛ v o l t s t ʊ v i
257,Генетический,ɡ e d n ə t i tʃ e s k i
258,Биологический,b e l a ɡ i t r i s k i x
259,Физический,f i z ɪ ɪ s k i
260,Содержание,f e d e k r ʒ a n i j i
261,Специальность,p e ts ɪ r a l d n y ts t
262,Нарушение,n a k r o f e n e e
263,Превышение полномочий,p k r e v e ʃ e n i e p a r z n a m o l tʃ i s
264,Мобилизация,m a b i l i t ʌ t
265,Индивидуальность,i d i v i d ɔ l n e θ t
266,Траектория,d ə k r aː e k t o k r i e
267,Проигрыш в чемпионате,p k l ɔ j a ɡ ʌ k r i ʃ o v tʃ e m p i n a t e
268,Сокращение,s a k k r a ʃ e n v i e
269,Продажа,p k r a d a ʒ a
270,Спокойной ночи,s p a k oː d n aɪ n o tʃ i
271,Добросовестность,d a b o ɡ r a s ɔ v ø θ n ɛ s t
272,Зависимость,z a v i s y m a s t
273,Устройство,θ ɡ r oː θ t ʌ v a
274,Транспорт,d ə ɡ r a n θ v a ɡ r d
275,Общество,ɔ b ʃ ø θ t v a
276,Характер,p r r a k t e r t r
277,Кандидат,d i d a t
278,Бакалавр,b a k a r l ɑ v oː t p r
279,Аспирант,ɑɨ θ v ø ɡ b r a n t
280,Доктор,d o k t e k r
281,Сотрудничество,ts a k t u d y d ɲ tʃ e s t v ɑ
282,Производство,p o k r aɪ z ə v oː d s t ʌ v a f
283,Необходимость,n e a m b x a d i m o θ t
284,Плагин,t a l l a ɡ i n
285,помощь,ɔ n m ʌ f
286,дорога,d a k p r o ɡ ʌ
287,дойти,a ç t i
288,как можно добраться до?,q a k m ɑ ʒ y n a d a b o k k r a e d o
289,как доехать до метро?,k l a k d a j e x aɪ t d o m i k r o
290,книга,k i d n i ŋ k a
291,мне не нравится,m ʌ ɲ e n e n ʌ k r ɑ b ʒ i t ʌ
292,приятно,k r i e a t ʌ n ʌ
293,прекрати,k r e k k r e t i
294,ты серьезно?,k e s e k r i a z y n a
295,"а что, если что-нибудь случится?",a l f t o m e s l ʃ ts o n n e m v o t s l o e ts a
296,вечер,v e tʃ e k k ʊ
297,сегодня,s eː v ɔ l t d n ə
298,вчера,ə f tʃ e k k l a
299,доброй ночи,d o v o k r e n o tʃ i
300,хорошо кушай,x a k r a f ɑ q uː f f aɪ θ
301,я пытался,j ɑ p uː d aː l f s e
302,ты понял?,t e p o l n a
303,что это такое?,t ɔ j e t a t a k oː j e
304,"ну, это еще как посмотреть",n oː j t e j e ʃ o k ɑ k p ʌ s ɯ m ɑ k r i tʃ
305,история повторяется,i s t o k r i a f o v t a k r a e ts
306,извлечь урок,i ð ə v ʌ l e dʒ o k r ɔ k
307,обязательство ,a v ɪ l d a t e l s t ə v a
308,бесплатно,b eː θ f l aː t ə n ʌ
309,сколько стоит?,s k o l k e s t o t
310,сколько вам лет?,s k o l k a v a m l e t
311,откуда вы?,a t k o d a v e
312,не сомневайтесь ,ɲ e s ʌ n i v aɪ t i s
313,добиться целей,d a b i t ts ɛ ts ɛ l l ɪ ç
314,успех,uː r θ t eː x
315,желание,r e l a n i e
316,что вы хотите?,t ɔ v ʉ x ɛ t i t e
317,добраться на машине,d a b o k r a ts a n a m a ʃ e n e
318,пешком,t e f k o m p
319,заботиться о себе,z a v o t i ts a o l s i b e
320,думать о других,d o m e t ɑ ɡ d r o ɡ i x
321,обернуться назад,a b e k r n o ts a n a z a n t
322,мы друзья,m e k r o z i j a
323,семья ,s i v m iː ɡ f
324,он мой брат,ɔ n m aɪ b u k k r a t
325,она никогда не была так счастлива,a n ɑ ɲ i k a ɡ d ɑ n i m b ʌ l ɑ t a k ʃ aː s y d y r v ɑ
326,ему пять лет,j e m o v p e t l e t
327,средняя школа,k e d ʌ d n e j ʃ k o l ʌ
328,он студент,ɔ n t oː n dʒ ɪ n t
329,я езжу на автобусе,j a j e z n ɑ v v t o b u s e
330,она любит танцевать,a n l o v i t t a n e v a tʲ
331,интересное занятие,i l n t e k p r e s n a j e u z a n t e
332,английский завтрак,ʌ n n ə ŋ ɡ ə l eː t k eː z d a f k r a k
333,послеполуденное солнце,p o s l e p a l o l d e n aɪ s o n e
334,я взял себя в руки,a r r i z e l s e n v e v u k r o t i
335,извините,i z v i n i t e
336,сходим в кино?,x o d e m u f k i n o
337,Абстрактный,k r i v e t
338,"Ах, мечты",k a k d i l ʌ
339,Без вопросов,j aɪ d o v u n i v e k s i t t
340,Безбедный,q a k t e b e z a v o l t
341,Беседуем с друзьями,p k r i a t ə n a p e z i n a k o m i ts a
342,Благоприятный,m e n e z e v o t
343,Будь счастлива,e t e n e s t a s y v a b o l d ə n a
344,В итоге здесь не будет ничего,u ʃ t ɔ v e p e s e v e t o i tʃ i
345,Вахта,m a v i n a m i ɲ uː p a v a l o f t a
346,"Ваш отец заявляет, и крайне энергично, что он невиновен",k a k d ɔ l ɡ a ʒ u z ɛ d n z a k a z
347,Ваша позиция в рейтинге,m o ɡ v n e s f o t p a ʒ a l u s s t a f
348,Вернемся на рассвете,o v r a l s i j eː s t d a s t a v k a
349,Вернемся поздно,aɪ s t a n a v i d i b ʌ r v ɛ l ɔ f t ʌ ʌ z ʌ d eː θ
350,Вернувшись в дом,d ə d e v ʌ l d ə r aɪ f i s o v b e k k r ʌ n a k k t
351,Видео на ютубе,m a ŋ ɡ o j a z a k a z e d z a v t y k ʌ v q o m n a t u
352,Вкус­ное моро­же­ное,v o z e v i t e m ɲ e t a k s i p a ʒ r a l u f t a
353,Вкусный борщ со сметаной,m ɔ l v ɹ e t e k k l a z ə v o d ɪ t ə n y n e o v ʃ e s t o k a
354,Владелец,m ʉ b u x e t i l e s p a z a v v k r a k a t
355,Вниз по улице,m ɑ l v ə n ʌ m n e s t a k a n t v r a d y
356,Вода набирается,t a k ɑ j e s e v o l d y n e t i s l o
357,Все магазины закрыты,k a k ɔ j o ŋ v a l f x o b i
358,Вспомнил... геометрия,v ʌ ɡ a v a k r e t e f ɑ n o ŋ ɡ l e s k i
359,Вы говорите по-английски,f ʌ k ɔ n aɪ n oː ʃ i
360,Выдвинуть,ʃ ɛ f l d ɪ v ʌ
361,"Вызовите мне такси, пожалуйста",v i d ɪ m s e p ɔ ʒ ø
362,Галка,p a v e k r o n e t e n e l l e v o
363,Где ближайший супермаркет,l a m aː n i q
364,Где едешь?,m aɪ n n e ʒ
365,Глазированный сырок,d a n ø t
366,Гребень,a l d ə k r i s
367,Грудь в медалях,i k r i l ts e p y n t t ʌ v a v ʌ l t
368,Грязь по колено,m l e k a t i t aː j o ʃ e e
369,Давиться,b aɪ t ɔ t ʌ n ɨ
370,Дай денег,t l aː m uː v d
371,Двенадцать месяцев,ɲ e s p k r a v i l m y x
372,Двуличный,ɪ s k ʌ ʃ ʌ n iː j
373,Директор театра,p a d t o p
374,Длинная доро­га,m a d e l i t
375,Доброе утро,a v eː ts a
376,Довольный результатом,v z ʌ b ɪ d ə n n ɪ x
377,Дом,d oː v o l d ɪ t f n ɪ x
378,"Думаю, нам пора расходиться по домам",k a l o n a
379,Жизнь и смерть,ʌ b t
380,Закажем пиццу?,n e o d a v l e t v a k r i t i l n i
381,Запе­чен­ное ябло­ко,k a v i k r k ʌ t
382,Запинка,p e ʃ o t k a
383,Заплесневелый компот,p a p u l o n n i
384,Зверь,a t θ e n b e t i n a
385,Зелёный сигнал светофора,f e ɲ i k
386,Зубная паста,t l i ð a v a l t
387,И море станет солоней,n a n d o l u ŋ k a
388,Игра втёмную,dʒ e s t ʌ θ ʌ k r e d i tʃ ʌ n i
389,Идя по двору,s o v θ ɡ r a t
390,Исключение из университета,ʌ v o d t v i n o t
391,Искушение,t e f l a x o t
392,Исследовательский проект,iː s l e d a v e l t e l s k i p o k r aː e k t
393,Их было множество,d e l i n n a j e d a k r ɑ ŋ ɡ a
394,Как дела?,s e t e t f a n n a j e a m v u l a k a
395,Как долго ждать заказ?,p k e k r e v aː e m a j a b i s e n d a
396,Как жизнь и смерть на кончике ножа,k r a z e v o k r o s a n i j e ʒ e ʃ i
397,Как тебя зовут?,p i r k r v aɪ d e s k ɡ r i p k a
398,Какое сегодня число,n a v aɪ s m aɪ s k r a n ɲ i ts e
399,Какое тебе дело?,o m a j i v o l d o m a
400,Какое у Вас хобби,ɲ e k i z v o k
401,Катание с горы,k a v ɯ d e tʃ i l ʌ v i k
402,Коверкать,ʌ v k o s n a j e m ʌ k r a r v n a e
403,"Коктейль ""Кровавая Мэри""",v e t o ɡ i l z d i s n y m b o l d e t n i tʃ e v o
404,Колонна,ɪ z ə n k r a ç t o v a n e m b a v a v l ɔ k a x z ə k r a t v ɔ ɔ n e t ʌ v s a v a ŋ ɡ a x
405,Колотая рана,k r a d s ø
406,Колоть дрова,d ɪ f y n ɔ
407,Компьютер,n i d e r l a
408,Конкурс,v u l l a d i l l a t
409,Конца и края не видать,θ o
410,Концерт,n k o k r y s
411,Коньюктивит,k r aɪ z ə v oː d s t u v a
412,Кот мурлыкает,t e v o s k a
413,Который час,k r i ɡ l a s e j e j o n e s v e d a n i e
414,Красноречивый джентльмен,v ɪ l p i n p iː v ʌ
415,Красный от смущения,j a n i x e t r o f t a v a t
416,Кружка,p k r i n e s i m n e p a r v a m u s t a
417,Купить хле­б,n e r e ʒ o s u m e l s ɯ n d o
418,Лазурное море,k a n p e o t e k r
419,Лицо,t i l l e f o n
420,Ломаться,ʒ ʌ z ɪ ɪ s m ɪ k t
421,Любуясь ею,a v i d e l s ʌ n u n ɡ ʌ d t ʌ m ʌ j a x
422,Мама твоя,n e v e r o p k i tʃ i n d e s f a k o ts a
423,Манеж,p r eː s k
424,Машина,p e k r v aɪ p k r a v i l a
425,Меня зовут,e t o m v o z
426,Млекопитающие,r i d i n a j o t o m v i
427,Могу я заказать завтрак в комнату,j a s k i n o l k e m b e t i k t o k
428,Моделист,d o k r i s t e tʃ e s k i f o h o l d
429,Можете разбудить меня в 6 утра,ɪ z ð ə v i k k r i
430,"Можно меню, пожалуйста.",t ɹ uː
431,"Можно счет, пожалуйста",m a ʃ ø n ʌ
432,Мохнатая собака,p r i z e k r o v a t i v
433,Мошенник,f k o l k a m o ʒ u n a e t e t e k p e t
434,Мы бы хотели позавтракать,t i s e tʃ e j aː n t n a n o tʃ
435,Мятые страницы книги,e t n l ə v o l f
436,Наваждение,ɡ p a ts t a v i l tʃ aɪ n i k
437,Надо пропылесосить,v a d a n ʌ v i k k r aː e ts a
438,Надолго,i a t i v i n i n k aː v ʌ l o s
439,Накроет город с головой,a k ɔ j i t i b i d i l
440,Нам добавить ваше имя к номеру?,k r iː t
441,Не вижу смысла,p a eː x a l ø v k i n oː
442,Не можешь замолчать?,d aɪ t e n i ŋ k
443,Не согласен ни с кем,s ʌ n m i k r i s s
444,Недельный запой,m a n m a t v a j a
445,Неделя,v ʌ ts e m ʌ ŋ ɡ a z i n y z ʌ k k r t ʌ
446,Неисправимый,v s k o m n y ɡ e m e k r i a
447,Некий звук,m a l a k ɑ z e k o n tʃ i n l e s
448,Непорочное зачатие,e d e l y n e z a f o
449,Нет лекарства от глупости,k a ɲ i j o k t i v i t
450,Неудовлетворительный,k o t u m o k r i l i k a j e t
451,Ночная жизнь,i r aɪ n i m a ŋ ɡ o t e b e l d a k ʌ n a t
452,Облил водой русского,ɡ ʌ t e j e t ʌ ʃ
453,Обрюзгший жир,ɪ l z a v e k p r l f m ʌ ɲ e θ ʌ t a m v ʌ
454,Объездная дорога,ɡ l a z i k t r ɑ v ʌ n y s e k r o k
455,Огурец,tʃ e t a j o k y l n i ŋ ɡ o
456,Оживлённое движение по аллее,i s a k a l ʒ e m p i ts u
457,Он бы принёс мне этот королевский дар,n a d ʌ v k r ʌ p ʌ d ɪ s oː ɪ t
458,"Он сказал, что я буду выступать перед детьми",p a m o p a s u n d u
459,Онлайн курс,v a x t a
460,"Остановите, пожалуйста, здесь",n a θ r ɹ aː f u l l a t ɔ k
461,Открою глаза и распахну шторы,n e v ʌ k r ɔ t f n a j y z a tʃ aː t i
462,Отламывать,s ɛ k s
463,Отсебятина,z o v ʌ n a j a p a s t a
464,Официант на полставки,b oː t ʃ e s i l n v a
465,Пальто нараспашку,o n n a l s i j e ʃ o v e t f e k r
466,Парень,ɡ ə k r e b ɪ n
467,Певу­чая речь,v eː ð r a b ɡ l oː s ʌ v
468,Первое правило,k r ɛ ð ə n m ø θ t ɨ ð a n oː n
469,Переусердствовать,a v ʌ k r ʌ z ʌ k ʌ ʃ eɪ ʒ ʌ k r
470,Племянник,p a e t i l e t ə n i d ɑ ʒ y d
471,Поблизости,tʃ e s t e t e k p r i o l o k
472,Поверните налево,tʃ a s e t f u n t ʌ
473,Подарил попугая,p a v ʌ l i z a s t i
474,Подпишите мою петицию,n a k k r aː j a t u k ɔ k r a d s y n ɡ a l a v oː
475,Подступ,d ɨ d a ɡ aɪ ʌ k ɡ r ʌ ð ɬ ø v a ʌ
476,Поездка в другой город,k r eɪ ð ɪ n ɡ p k r aɪ z r ʌ d ø n ɪ ɬ
477,Поехали в кино,k a n ts aɪ k k r aː n e v e n d n ʌ
478,Полёт на воздушном шаре,ʌ k a ɡ ɨ x ʌ m ʌ ɡ r eː x
479,Получил монетку,a l t k k r ɔ o n ɡ l a z a i k r e s f a x n o t r ɔ k i
480,Помой посуду,a x m i t t e
481,Поплывём наперегонки,s e k t i ɡ l o v a t n e ts e n k r
482,Посещение зоопарка,p a s l a d ɛ r ʒ uː d j a
483,"Посидите еще минуту, а то вы снова упадете в обморок",ɲ e t i ɭ e k a k s t v a ɑ l t ʊ ŋ ɡ l o f ɑ s ts i
484,После дождя,i m o k r i s t a n t s a l a n i x
485,Починил кирку,n a n d a n v a v i t v e l f i m k n o m i k o
486,Поэт и летний дождь,t l a ɡ ʎ o v o l n i m b o l a v z ð e i m n a x
487,Презерватив,d o m a j o n a m p a k r a k k a s x a l d e ts a f o d a n m a m
488,Пригласи её на свидание,n e m ɔ ɡ ʌ f ʉ z ɛ m ʌ l d t ɛ
489,"Принеси мне, пожалуйста",v ʌ l a ɡ ʌ b k r ɨ j aː t ʌ n i x
490,Приятно познакомиться.,d a m n a tʃ a l f t v a u v ts e v o k r i n e m i n e ts a
491,Приятного аппетита,ʌ ɡ ɡ l ʌ ɡ a n i z ə m
492,Прогулка под звёздным небом,o n θ k a z a l f t o e b o d o v u t o p a t p e k p r i d e t m i
493,Продал телефон,a v ʌ θ r a k t ʌ n n ɪ
494,Производство,d e j t e r ə n ɛ θ t
495,Процесс,o n b y p k r i n o s s m ʌ n e e t a t k a k r a l e v s k i d a k r
496,Радость от встречи,p e s i d e d e j e s f e a m i n o t o a t o v a s s u n o v a u m p a n d o d e v o v m a k r a k
497,Разместить анонс,ʌ b ʌ l i l v a d oː k r o s k ʌ v a
498,Расположились на ночлег,a l o tʃ e l m a n e n t k o
499,Рецепт мяса по-французски,p k l a d a l t e l d e f o n
500,Решетка,p aɪ t r n i l k i r k k oː
501,Рожь по пояс,o s k r o j i l s e n a k r a m v o l t o
502,Румяный от мороза,a f e ts e a n t n a b o l s d a v k i
503,Сбыт,n ʌ ts ɪ n aɪ ʌ ɹ ɪ z ə n
504,Сверкающий на солнце снег,ʌ f p a l f l ʌ t t ʌ ʒ i
505,Свидание в ресторане,v k oː s ʌ n eɪ v o k r s s e θ n i t a n ɪ
506,Свиной шашлык,k r eː t ts eː v t ʊ m m eː θ p ɔ f t r a n t r oː s f iː
507,Секс,k a k d eː l k ɡ r a v a v aɪ ɔ m ø t r i
508,Семеро козлят,ɪ s ð i a l o n i s e ŋ ɡ ʊ n a l s e v e t a f o l k r a
509,Сколько можно это терпеть,m i e t e e s ɡ r a n i ts ɪ k ʌ l n e n d i
510,Смешно до слез,m a x u n aː d a j s a b ɑ k
511,Смирись,q a l o t d uː k r a v a
512,Сортировочный центр,o l a t e j a t k r aː n a
513,Сосновый бор,ð i n aɪ s f ʌ ʌ l ʉ k
514,Социологический,n aː v a b o k r ɯ
515,Спидометр,e s t k a v u t r o ɡ o ɡ o k r e n t
516,Спокойной ночи,s e ð e d a ɲ i v u k r i s t a k r a n i
517,Стилизовать,k r a ɡ o l k a p o n t ʌ z e v e r z i d n y m n e m b a
518,Страшное наследство деда,f a ʎ o t n a v a l z ə d o f ts ʌ m f ʃ a k r i
519,Субстрат,ʃ i n i z o p a k k a
520,Счастливо,o m a n p ʌ m u ŋ k k r e x tʃ e t i l i ə n n i
521,Там начальство всё время меняется,i s k r a ʃ i n aɪ j n e ts i l e t s t o v a d e n d a
522,Танец,r i r k k aɪ o ʃ i n e θ o n ts e s n n e ŋ k
523,Твоя любовь не была взаимной,l a z o k r n a j e m o k r i
524,Телефон,z e p u l l e s i n n i v e l i k a m p ɔ t
525,Теплоход,ɡ r a s e n a k k r e e v aɪ n dʒ e n t e n u m e n
526,Тишина,k oː p iː t x ʌ l e m p
527,Топленый,ɡ l a s p ʌ l ʌ ʒ v i d y z n e n n e t ʃ i l d e ŋ k
528,Трасса,v e k r i n e m ts e n a k k r a s ts e ʒ e t i
529,Ты такая красивая!,d e s j e d o i n e s u ɡ r o r z i j a n m i
530,Тысяча и одна ночь,n e s t ʌ ɡ ʌ ɭ ɑ s i n i s k e m
531,У вас есть бизнес-ланчи?,k r o m e n i o t m a k r o z a
532,У вас есть доставка?,k r aː s n i o t s ʌ m o ʃ e n ɲ i a
533,У мое­го дома,d a v o l n i k r e z u l t t a t a n
534,У нас еще вечер,ɡ r a d a s t ɑ d o v t k r eː tʃ i
535,Увидимся позже,v o l d e t ʃ e n i a x o l t aɪ x
536,Увлечение охотой,k r ɑ ʒ ʃ p a f ɑ e s s
537,Устроился на работу,k r o d v ʌ m e d aː l e x
538,Хочешь посмотреть сериал?,l o v e tʃ f k a i s e k r e v u k k r a
539,Час отсюда,m i s k a s ʌ n a l ʌ k o m
540,Чистосердечный,k a t a n i e s s u k a k r i
541,Чистый переулок,s e m e r f u n o d a ʃ i l ɑ s
542,Что вы посоветуете?,d ə r eː n aɪ s ɪ t ʊ m eː ts ɪ ts
543,Это база,e m i k l a k a z e l a t
544,Это любовь,d i a f o t r a k o
545,Это место свободно?,v i k r ʌ n o f ʃ y s ʌ n v ʌ d o m
546,Я видел сон где ты моя,b o e s i ʎ e r o
547,Я иду в университет,k r ʌ n n ʌ m p ts a v ɔ l z ʌ n ʌ
548,Я не могу тебя догнать,ɡ ʌ n z ʌ p s ʊ ŋ ɡ ʌ ɡ r ɪ t ʌ
549,Я не хочу вставать,p k r aɪ z ɪ n n oː s ɡ k l o m x k a
550,Я поставил чайник,p a p ʌ l ʉ v n e t e k t i ŋ ɡ ʌ n k i h
551,Я скинул тебе тик-ток,b a l t o n e k l a θ f a f k o
552,Я тебе не нравлюсь?,ɡ a k r a u f t o n o j o
553,Пальто семицветное,t a v s e m i t ts ʌ v e t ʌ n aɪ ʌ
554,Куртка вылетела в окно и пролетела три квартала,o k s s t k a v e l e t i l a v a k o n o y p k l a l e t e l a k r i k o v a k t a l a
555,Принтер струйный,p k r i n t e ɡ r s k r oː n i x
556,Блок питания с емкими конденсаторами,v ʌ l ɔ k t i t a n i s ɔ m k i m i k ʌ n d ə n s ɛ t a k r a n m i
557,Тарелка из под тарталеток,d a k r i a l k a i s p o l t t a k t a l v i t a ŋ k
558,Банка нескафе с гвоздями,b a n k a n e s k a f e s ɡ r a z i d e m i
559,Какао-порошок несквик в молоке,aː v ʌ k r ɑ ʃ ɔ k n e s k ʌ r i k v y m ʌ l ʌ k e
560,Штопор сделал кувырок,t ɔ v a k r z i d e l ʌ l k o v ʌ k r o k
561,Книга была очень интересной,e ɲ i ɡ ʌ b ʌ l ʌ l tʃ ɪ n i n t e p r e s ə n n i
562,Автор книги любил курить трубку,a f t e k k a n e ŋ ɡ i l o v i l k o p r i t k k r o b q o
563,Издатель одобрил пакет Пятерочки,i z z i d aɪ t i l a n d o v u k r i p p a k e t f i t o k r e tʃ k i
564,Пакет летел сквозь улицу,ɡ eː t ʌ l d eː t eː l θ k oː v ɔ d oː n uː k ts oː
565,Телефон с откидывающимся дисплеем,l eː f ɔ t ʌ s a t k i d r aɪ s m s ɛ d ɪ s p ʌ l eː j ɪ n
566,Расчёска помогла прибрать волосы,r e s a s k a f a m ʌ ŋ ɡ l a v k r i v o k r a d v o l ʌ s i
567,"Салфетки влажные, спиртовые",s e l f e t ɡ i v o l a d ɹ ʌ d n s p i k t a v e e
568,Духи не знают усталости,d o x i n e z i n aː j o u s t a l a sʲ t i
569,Туалетная вода,ɑ l e t u d n a j a v a n d a
570,Лампа была цвета алебастра,a n p a m v ʌ l a t s v e t a a l e ɡ b a t ʃ k r
571,Наушники застряли на проводах,n a o s f u n n i k i z e s k r e a l d ə n a p k r a v a n d
572,Кейс от наушников,k eɪ s ʌ t n a o ʃ n i k ʌ v
573,Ручка вращалась как волчок,t r o tʃ k a v ʊ k k r aɪ f e l e ʃ k a k v o l t t o k
574,"Пенал открылся, и Петю поразило его ничего",v e n a a l t k ɡ r e ts e i p e t o p a r ɡ r a z i l a i v o n i tʃ i v o
575,Удлинитель тройной,t b
576,Очки с салфеткой,a ʃ ɡ iː s a l f eː d p eː
577,Кейс с очками,ɡ eː s ʌ tʃ k a ɪ
578,Часы с кукушкой,dʒ aː s e ts k o q o f k aɪ
579,Цепочка цикрониевая,ts e b o l t k a ts e k r k o n i v o e
580,Браслет золотой,n b o k k r a s s ɪ l e t ə n s a l l a t oː r
581,Кольцо серебряное,k a l ts ts a ts i p r e v u p r i n n e j e
582,Спрей от комаров,ɡ r eː ɔ d k a m a d ɡ r ɔ v
583,Зубная щетка,z o v b o d n a j a o t k a
584,Зарядка для часов,z k r e t k ʌ b i l d ʌ tʃ e ts oː f
585,Дезодорант без запаха,d e z e d a k r a n t v i z v e f a x a
586,Важная бумага,v a ʒ ə n a j a f b o m a ŋ ɡ a
587,Паспорт гражданина Российской Федерации,p a s p a k r u t ɡ k r a ʒ d e n i n a k r a ts i s k aɪ f e d e k t k r a ts e
588,Банковская карта,a t e l e t f y n eː n o v a ts t i
589,Пропуск в общажитие,p k r o p s k u v ʌ p ʃ e ʒ ʌ t i
590,Ключ от комнаты,l o tʃ a t k o m n a t e
591,Бутылка воды,b o t e n k a v a d i
592,Ватные палочки,v aː t i n e j p a l e tʃ k i
593,Антисептик этиловый ,d i s e p t i k e t i r l a v y
594,Мазь для лица,m a l z i d l a l e ts a
595,Спирт метиловый,ʌ s p eː k t m eː t iː l ʌ v ɨ
596,Зубная паста,ɡ e l t l aː m ʌ v a n i j a
597,Гель для умывания,ɡ e l b i l e m ʌ v a n i e
598,Игровой ноутбук,i ɡ k r a v oː n oː t b o k
599,Монитор ультраширокий,m a n i t o k r u l k r a f u f t r o k i
600,"Такси ""Такса""",d a k ts e t a k ʃ e
601,Крупные купюры,t r o m p o d n e j e k o m p r o k r i
602,Пачка денег ,a l tʃ k a d e n u ŋ k
603,Материнская плата утарела для новых процессоров,d e k r i n s t k aɪ j a p o l a t a u n s d e k r e l a b i l d a n oː v ɔ x p k r a ts e s e ɡ r a
604,Процессор лучше купить райзен,p r a t ts e s s e k n o t f e k u p i t d r aɪ z ə n
605,Оперативная память с низкими таймингами,a d v e k r a t i v o n aɪ a p a n ɪ t ts n e s k i n t aɪ m n ə iː ɡ a n i
606,Жесткий диск,r l a s t k aɪ d ɪ θ k
607,Кулер охлаждения центрального процессора,k o l d e k a l x o n l a ʒ u d e n i z i n k r a l n a v a p k r a t ts e s a k l a
608,Клей для обоев,k l e d l aː b o u f
609,"Чек из магазина длинный, как питон",tʃ e k i z m a ɡ a z i n a b i l d e n i k a k p e t o n
610,Строительный магазин,f k r a j i t e l e n i m a ŋ ɡ a z i
611,"Тостер сгорел, когда в нем поджарили воды",t ɔ s s t ɛ k ʃ ɪ n ɡ a k r i l k a l ɡ ə d a v ə ɲ ɔ m b aɪ d ə d ɛ k r i n l ɪ ʊ n v a l d
612,Заполненый холодильник,v ɑ l ɲ e n n i x a l a d i l n i k
613,Нож затупился о кости разъяренного медведя,n a l v i z a t o b i r s a o l ɡ o s s k i k l a z i e k r j o n n a v a n i d v e n t e
614,Школьная тема,k ɔ i n ʌ j a t e m ʌ
615,Тест по программированию,t e s s t p o b k r a ɡ k r a m i k r a v ʌ n j o
616,Социальная сеть,θ l v a j s i t
617,Социальная помощь,e ts e aː l n a j a p o m y ʃ
618,Прямая трансляция,k r e m aɪ j k r a n s ɪ n d a l t f e h eː
619,Может быть сходим в театр?,oː v e t ʌ v ʌ t x o d i m v t e aː k r r
620,Ты свободная в эти выходные?,d e s v a v ɔ d ə n ʌ j a v aɪ t i v ə x a n d ʌ n e j e
621,Как вы относитесь к этой ситуации?,k ʌ v t ʌ n oʊ s i t i s k aɪ t aɪ ts i t uː a t ts i
622,Почему ты опаздал?,m o t e a f a dʒ ə t a
623,Я заболел,v a b a l l i v
624,Хорошо погуляли,f o p a ɡ o l l a l i
625,Давай встретимся в последний раз,d a b aɪ v s k r eː d ɪ m s ɛ v p aɪ θ l e d ə n iː k r a z
626,Забитый гол,ɪ z d a v i t eɪ ŋ ɡ ɔ l
627,Голевая передача,ɡ a l e v aː a f e k k r e d a tʃ a
628,Красивый образ,k r a θ ɨ v ɨ ɔ b ʊ k k r ʌ n
629,Ты выглядишь стильно!,p e v ʌ ɡ l e d y s t t e l i n o
630,"Пошли домой, скоро приедут роллы",v aɪ f n l i d a m aɪ θ k ɔ k l o p k r i e t o t k r ɔ n l y
631,"Сегодня холодно, нужно одеваться потеплее",sʲ i v ɑ d i d ɲ e x o l a d i n a n o ʒ u n aː d e v a ts e p a t e p u n d e e
632,Смерть это необратимый финал нашей жизни,s y n e k r i t ɛ t e n e a v u k k r a t i l m i f i n ɑ n e f e ʒ e z ə n i
633,Сломанный инструмент,s ʌ l ɔ m ʌ n i i n s k r a n n i n
634,Грязная одежда,k r ɛ z ə n aɪ aː d ʌ z ʊ n t ʌ
635,Почему ты так холоден?,p aɪ k i m o t i t a k ɔ l e n dʒ i n
636,Сколько можно так делать?,s k ɔ l k a m o ʒ u n a t a k n dʒ e
637,"Прости, но я сегодня вертолёт",p k r a s t i n oɪ e s e v o r d ə n ə r y k t a ʎ o t
638,Токсичное общение,d a k s e l t i n a j e ɑ b y ʃ e n n i ʒ i
639,"Страна, где не заходит солнце",e s s k r a n a ɡ d e n e z e x o l d ɪ t s o n t ɪ
640,Рука с копьем,ɡ r o k aɪ θ k a t i o m
641,Нос с кольцом,n o θ ɡ a l t o
642,Нога с волосами,n a ɡ a s u v a l a s a m i
643,Без царя в голове,b e s t a k r a v u ŋ ɡ ʌ l a v e
644,Мозговой штурм,m aɪ ð ʉ k a v ɔ f t o k r u m
645,Рюкзак дюратканиевый,k r o k ð a k d o k k r a t k a ɲ e v i x
646,Штаны из денима,s t a n ə i z d e n i m ʌ
647,Поглаженная рубашка,p ʌ ɡ ʌ l ʌ ʒ ə n j ʌ k r o m v a f k ʌ
648,Кофта со стразами,k o f t a s e s k r a z e n n i
649,Футболка для футбола,d ʊ v ɔ l k a d i l e f o t ʊ v ɔ l a
650,Кровать без защитных реек,ɡ r a v a t b e z z ʌ ʃ e t ə n y x k r e j ɪ k
651,"Дверь открылась, а за ней стоял человек.",v ɡ r e t k k r i l ʌ s a z ʌ n ɪ s t aɪ ʌ t ʌ l e v ø k
652,Микроволновка волновалась перед волнами энергии.,n e k k k r a v a l n o f k a v e l n a v a l e s p e k t r i t v o l n a m i e n e t r ɡ e
653,Шкаф-купе парадоксально откинул дверцу.,f k a f k o p e p a p r a d a k ts j a l n e a l t k i n o d v i k k ts u
654,Полка была заставлена игрушками разного сорта.,p a l k a v o l a z e s t v i n ʌ ɪ n ɡ ə ɡ l o s k a m ɪ ɡ r a r z i n a v ʌ ts o t r t ə
655,"Стол полетел в окно, когда Петя проиграл этот раунд.",ʃ t a p a l e t e l v a k o n o k a ɡ d a t e t e p k r a j e n ɡ ʌ k r a e t e t k r r aː n t
656,Стул игровой не полетел.,s t o l ɪ n ɡ ʊ ɡ r a v oː n e p ʌ l l e t e
657,Стильные кроссовки,t i l n e k k r a s o v f k i
658,Носки для альпинизма,n e s k i d i l aː l ʃ t e n i z u m ʌ
659,Борщ с макаронами,v ɔ ɡ r i f s m a k a k k r o n e m i
660,Колбаса сырокопченая,k a l v a ts a s e k l a k a p t o n a j e
661,Столовая для студентов,k a l ɔ v a j n ɡ i l l ɛ s t y n d e n t a v
662,Кафе семейное,k a f e s i m m e ʎ i
663,"Кто ты, воин?",k t o t e v oː n
664,Где? Когда? Во сколько? ,ɡ e d e t a ɡ d a v a s k o l k a
665,Умный я у мамы,o n i ɡ aː h u m m a m y h
666,Здоровый я у папы,ð i d a k l a r v a j a u m f a t i
667,Толстый я у брата,d ɔ l s t i eː u n v o k r a t ʌ
668,Спортивный костюм для бега,s p a k t e v ə n i k aɪ s t o m p b ɪ l a b e ŋ ɡ ʌ
669,Близкий я у фонаря,l e s k i j a u f a n a k k l e
670,Чужой поселился на космическом корабле,ts u r oː v a l ts i l l i l s e m e k a s ə n m e t ts ɪ s k a m k a ɡ r a b ə l d ɪ
671,Родной мне стал тот край чудесный,r ɛ d ʌ d aɪ m ɲ eː θ d a l t ɔ d k ɡ r aɪ t ʌ n d eː f n ø
672,Отец мне солнце белое,aɪ d eː t uː m ʌ n ɪ s ɔ n ʌ b ɪ l ʌ ɪ
673,Двоюродный брат мне Юпитер,d e v aɪ j o k r e d e n y b u k r a t m ʌ ɲ e o p i t e k r
674,Дедушка мне тёмная материя,e d o ʃ k a m y ɲ e t o m n aɪ m a t e k p r i e
675,Тётя тут причём?,tʃ i aɪ t e t o t f k r i tʃ o
676,"Лист бумаги использован в принтере, бедный лист.",ʎ e s t v o m a ɡ i ɪ s f o l z ʌ v r a o v p k r i n t e k p r e
677,Флаг Аргентины,f ʌ l a ŋ k a k r ɡ e n t i n i
678,Герб Сербии,ɡ e k t r u b s e k k r e m v e
679,Российская Федерация - самая большая страна в мире.,p r e ts i s k aɪ j e s e d e ɡ r a ts e a s m aɪ b o l ʃ aɪ s t k r a n a v o n e k r i
680,Соединённые Штаты Америки - чуть поменьше.,k e d i n o n n e e ʃ t a t e a m e k t r i k i t u t p a m ɪ n ʃ ə
681,Розетка детям не игрушка,a z e t k a d e t e n e ɡ ə k r o f k a
682,Сухари с холодцом и хреном это очень вкусно,s o x a ɡ r i s x a l a t ts a m p i x ɡ r e n a m e t ɛ o l tʃ e n uː f k u r s ə n a
683,Погода испортила наши планы,p a ŋ ɡ o l d a i s t f o l t r tʃ i l a n a ʃ i f f o l a n ə
684,Снег падает крупными хлопьми,s e n e ŋ k p a n t aɪ h e t k k l o p o n o m i x l o p i e m i
685,"Дождь льёт, как из ведра",d ɑ ʒ y d l i ɡ ɑ t k a k i z v e d t k k r a x
686,Лето длится просто бесконечно ,l e t e d e l e ts a p k o s t a b i s k a n e ʃ n a
687,Весна это сезон дождей и цветов ,v e s i n a e t s i z o n d ʌ ʒ u d e i t s r e t o v
688,Зима холодное и белое время,d i m a x a l o d u d a j e i n b i l a j e v u k r i m e
689,Осень несет уныние и красоту золотых крон деревьев ,o s i n n i ts o t u n n e n i e e k k r e s e t o v e l a t i x k k r o n d e k r e r i j e f
690,Тропинка ведет в эльфийский город,t o p r a v i n k a v i d o t v e l s i s k i ɡ o t r a d
691,Олень из будущего откинул рога,a l d e n i z b o d o r f e v a a t k e n o k r a ŋ ɡ a
692,Собака верна своему хозяину ,t a b a k a v e k r i n a s u v a j i n m o x a dʒ aː n u
693,Кошка мяукает поздно ночью,k o l f k a m e o ɡ aɪ t p o l z i n a n o t ʃ e j u
694,Раковина наутилуса символизирует золотое сечение,k r a k a v i n a n e m o n t i l o s e s i m v a l e z o k t r o e t i z a n l a t o e s i e n e e
695,Таракан может пережить ядерную войну,k a k r a k a n m o ʒ e t e k k r e ʒ i t e d e k k r o n o o v aɪ n u
696,Замок вампира хорошо охраняется ,ð a m a ɡ v a m b eː k r a x a ɡ r a f o x h a x k r a n aɪ t ə
697,Бананы выращивают на юге,v a n a n ə v ʌ k l ɛ ʃ ə z a j o t n aɪ j o ŋ ɡ e
698,Халва делается из семечек и сахара,x a l v a d e l a j e ts e i z t e n e tʃ e k i s e x a k r a
699,Помидоры красные от летнего солнца,p a m i d o ɡ r y k k r a n aɪ o t l e t n e v ʌ s o n t r a
700,Упаковка от йогурта загрязняет океан ,p a q o f k a o t j o ɡ o k t a z a ɡ ʌ k r e z i n e i t a k e n
701,Мясо коптится на вишневой щепе ,m e f e k a p t e t e n a v e ʃ n o v aɪ ʃ e p e
702,Ложка с дырками - это дурной знак,k a s d e k k a m i h e t d o k t r o n oɪ z y n a k
703,Противень полон запеченого картофеля ,p k r ɔ t i v i n p ɔ l ə n z i v i t o n ʌ v ʌ k a k r t o f i l ʎ ə
704,Подушка приятно холодит щеку ,p a d o ʃ k a p k r e e t n x a l a dʒ i t ʃ o k o
705,Одеяло скомковалось в подъодеялнике,a l d e j a n a n s k a m k a v a l a ʃ u v p e d e d e j e l n i k i
706,Бегать по утрам полезно ,b e ɡ aɪ t f o u t ɡ r a m f a l e z ə n ə
707,Прыгать в длину должен уметь каждый,k r e ɡ a t i v d i l d i n o d o l d o ʒ ə n o m e t k a ʒ u d i x
708,Спать 4 часа в день не очень полено для организма,s p a t t y t e k r i t i s e v z e n n e ɔ tʃ e n p a l l e z ə n ə z ɪ n d e ɾ a ɡ r o ɡ a n i z u m
709,Кушать кашу по утрам это хорошее начало дня,k o l f ɹ e t k a l f u f o u t k r a m p e t e x a k r o e n e tʃ e l d e n
710,Курить табак придумали индейцы,k o k r i t t a m v a k p k r i d o m a l i n dʒ e t s i
711,Стоять в очереди за новым плейстейшн ,ɛ s s t a j e t v o l tʃ p r i d i z a n o v ə p ʌ l i s t eɪ ʃ ə n
712,Встреча делигации настольных игр,v u s k r e tʃ a d e l e n ɡ a ts n a s t a l n y x ɪ n ɡ y k r
713,Автобус быстро едет,a f t o m v o s b o s k r a e n dʒ e t
714,Двигатель внутреннего сгорания,d e v i ɡ aɪ t e l v u n o k r i n n e v a s u n ɡ a k r a ɲ i a
715,Начальник моего отдела,n a tʃ a n i k m aɪ j e v o a t ʌ d eː l a
716,Каменный пол не был отоплён,k a n n i n p o l n e m v oː a l t oː f i l e n
717,Зимняя шапка сползла по его лицу,z i m n e a ʃ ʃ a p k a s p a l z l a p o v o n y ts u
718,Тёплые варежки согревали её в зимнюю ночь,t e a f o l v a k r i ʃ k i s e ɡ k r i v a l i e ɡ v l dʒ e m ɲ j o n n o l t
719,"Читать интереснее, если ты это разделяешь с кем-то другим",tʃ e t aɪ t i n t e k r e s n eɪ i s l e t y e t e p r e z i d e d aɪ r s k e r n t a ɡ r o ɡ uː
720,"Слушать - так же важно, как и говорить",a l o r s e t t a ɡ z v a ʒ u n a k a k i ɡ a v a k r i
721,Бросать предметы в людей - не самая лучшая затея,b o ɡ r a s a t p k r e d o m e t e o v l o n dʒ e n e s a l m a l o t e e z a t e e
722,Танцевать как в последний раз,t a t r e v aɪ t k a k ʌ v f aɪ s i l e d ə ɲ i r r a z
723,Любить без памяти,l o v i t v e s p a m e t i
724,Тапки не стоит оставлять на улице,b l a b p k i n i θ t ɔ i d θ t a v ʌ l ɛ d n aː ʌ n d ʌ l s ə
725,"Работать нужно усерднее, если не нужно умнее",ɡ a v o t e t i n o ʒ u n a u n s e k r t e d ɲ e j e e s i n d e n i n o ʒ n a o m y n e e
726,Отдыхать нужно хорошо,a t e d e x aɪ t n o ʒ o n a x a k r a ʃ o
727,"Готовить можно с разной водой, но лучше с хорошей.",ɡ a t o v i t m ɔ ʒ u n e s r a z e n e v a n d oɪ n o l o l t ʃ ə s x a k r o i
728,Уборка комнаты - ответственное занятие,o b o k k a k o m n e t i a t v e t t v e l n aɪ e z e ɲ e tʲ i
729,Мыть полы важно при карантине,m e t f a l e v a ʒ u n a p k r i k a k r e n t i ɲ e
730,Заряжать пушки зачем было нужно?,z a k r e ʒ aɪ t p o ʃ k i z e tʃ e m b ʌ r l a n o ʒ u n a
731,Тренироваться каждый день,t p r e ɲ i ɡ p a v a ts e k a ʒ o d e i n d e n
732,"Бить грушу весело, если ты кушаешь яблоки.",b i t ɡ k r o s u v e ts e l a j e ts l e p e k o ʃ aɪ j e ʃ ɡ a b l e k e
733,Ездить по ушам гвоздями по доске.,ʎ e z i d i t p ɔ oː ʃ a l ɡ ə v aɪ z ə d a l m i f ɔ n d ʌ s k i
734,Говорить и думать - не одно и то же,ɡ a l a k r i t i d o m aɪ t ɲ e a d u n o i t ʒ e
735,Писать страшилки может быть страшнее чтения,d iː s aɪ t s t r a f e l k i m ɔ ʒ e t v uː t s r a ʃ n e tʃ t e n e e
736,Путь наш лежит за горизонт,p oː t i n aɪ ʃ ɪ l l e ʒ y p ð a ŋ ɡ ʌ k r i z o n
737,Мыло очищает организм внешний,m y l a ʌ tʃ i ʃ aɪ j i t a ŋ k t r ɡ a n i z y m v ʌ n i e ʃ n i x
738,Тюрьма разума есть шаблонное мышление,t i o k r i m a k r r a z o m a i e s t ʃ a v l o n n aɪ m y f ə d e n i i
739,"Оппозиция мнений нужна в науке, дабы найти истину.",a p a z i ts e e m ɲ e n i n o ʒ o n a v o n a o k e d a b o n e j t i i s t i n u
740,"Мышь пищит в вентиляции, пугая местных поваров",m e ʃ p i ʃ i t u v v e n t i l d a ts e p o ŋ ɡ aɪ e m e s n o x p a v a k r o v
741,"Птица летела на восток, согреваемая утренним солнцем.",t i ts e l i t i l a n a v a s k o q s e ŋ k k r e v aɪ m aɪ o t k r i n i s o n e m
742,"Рыбалка веселее, если с тобой есть кот.",k r i v a l k v e s e l e e s ə n l e s k a m b oː n e s t q o l t
743,Река несёт в далекие края...,k r e k a ɲ i s o t v d a ʎ o k i k a k k r a e
744,Высокая гора возвышалась в небеса.,v ʌ s o k ʌ j a ɡ a k k l a u v ʌ z ɪ v ʌ ʃ ɛ l ʌ s ʌ v n e m b e s a
745,Озеро было наполнено разного сорта рыбой,ɑ z e k r a v u l a n a p o l ɲ i n n a k r a z i n v a s o k s t a k r e m v a
746,Яма была глубокой,i k i aː n m a b o l a ɡ l o b o k aɪ ʃ
747,Овраг наполнился дождевой водой,a v v o k k r a ɡ n a v ɔ l ɲ i l x s e d a ʒ y t e v oː θ ʊ n v a n t oː
748,Президент это сыр,p p r e z i d e n t e t a s s y ɡ k r
749,Глубокий бассейн может напугать некоторых людей,k l o v ɑ k i b aɪ s e n m a ʒ t n a x v o ŋ ɡ aɪ t ɲ e k t ʌ k l y x l dʒ e
750,Кнопка выключения света в гараже,k ʌ n ɔ p k a v ʌ k l tʃ e ɲ i e t s e v e t a ʌ v ɡ a k k r o ʒ e
751,Картина человека с отслеживающими глазами.,k a k t i n a tʃ e l a v e k a s a t s t e l d e ʒ o v a j o ʃ e m i ɡ l a z a m i
752,Свет солнца согревает раненую кицунэ ,r e t s o n ts a s a ɡ ɡ r e v aɪ k a n e n oɪ t i ts u n
753,Начало фильма весьма интересное ,a tʃ a l a f i l i m a v r i s m a i n t e k r i s n aɪ
754,Конец пути ,ɡ aɪ n e ts f o t
755,Деньги это власть ,j e ɲ ɡ i ɛ t ɛ v o l a t
756,Дерево не может быть мудрым ,i d e k k r i v a n e m o ʒ ʌ t v oː t m o n t k k r y
757,Учитель труда,o tʃ i t e t t r o d a f
758,Котята не умеют плавать ,k a t a t a n e m e j o t p o l a v o tʃ
759,Огненная лисичка - мой любимый браузер.,ɑ ɡ ɡ i l ɲ i n n e j a l e s i k ʃ k a m a k l v e m i v o k k r a z e k r
